{
  "goalDistance": {
    "goalDistance": 1.0,
    "iterations": -0.304012381,
    "mean": 0.9436415164,
    "median": 0.9268495527,
    "mutationRate": 0.4896390185,
    "seedNumber": -0.1219585806,
    "stdev": -0.1212037231,
    "survivalRate": 0.3472401731
  },
  "iterations": {
    "goalDistance": -0.304012381,
    "iterations": 1.0,
    "mean": -0.2261593651,
    "median": -0.2393259979,
    "mutationRate": -0.1588559218,
    "seedNumber": -0.1238331686,
    "stdev": 0.267829072,
    "survivalRate": -0.0761063283
  },
  "mean": {
    "goalDistance": 0.9436415164,
    "iterations": -0.2261593651,
    "mean": 1.0,
    "median": 0.9897241566,
    "mutationRate": 0.608737797,
    "seedNumber": -0.0625657516,
    "stdev": 0.156845052,
    "survivalRate": 0.1739889325
  },
  "median": {
    "goalDistance": 0.9268495527,
    "iterations": -0.2393259979,
    "mean": 0.9897241566,
    "median": 1.0,
    "mutationRate": 0.597582477,
    "seedNumber": -0.061830685,
    "stdev": 0.1321451531,
    "survivalRate": 0.1420980955
  },
  "mutationRate": {
    "goalDistance": 0.4896390185,
    "iterations": -0.1588559218,
    "mean": 0.608737797,
    "median": 0.597582477,
    "mutationRate": 1.0,
    "seedNumber": -7.829672019e-20,
    "stdev": 0.3407858708,
    "survivalRate": -4.204166859e-16
  },
  "seedNumber": {
    "goalDistance": -0.1219585806,
    "iterations": -0.1238331686,
    "mean": -0.0625657516,
    "median": -0.061830685,
    "mutationRate": -7.829672019e-20,
    "seedNumber": 1.0,
    "stdev": 0.0667010363,
    "survivalRate": -1.205769491e-17
  },
  "stdev": {
    "goalDistance": -0.1212037231,
    "iterations": 0.267829072,
    "mean": 0.156845052,
    "median": 0.1321451531,
    "mutationRate": 0.3407858708,
    "seedNumber": 0.0667010363,
    "stdev": 1.0,
    "survivalRate": -0.4422227969
  },
  "survivalRate": {
    "goalDistance": 0.3472401731,
    "iterations": -0.0761063283,
    "mean": 0.1739889325,
    "median": 0.1420980955,
    "mutationRate": -4.204166859e-16,
    "seedNumber": -1.205769491e-17,
    "stdev": -0.4422227969,
    "survivalRate": 1.0
  }
}